{"stat.useItem.minecraft.brick_stairs":17,"stat.leaveGame":36,"stat.useItem.minecraft.skull":2,"stat.swimOneCm":9839,"stat.useItem.minecraft.planks":773,"stat.climbOneCm":677,"stat.drop.minecraft.wooden_door":65,"stat.pickup.minecraft.porkchop":2,"stat.pickup.minecraft.glass":64,"stat.useItem.minecraft.dirt":199,"stat.useItem.minecraft.water_bucket":11,"stat.drop.minecraft.fence":1,"stat.aviateOneCm":9517875,"stat.useItem.minecraft.brick_block":733,"stat.flyOneCm":5992257,"stat.timeSinceDeath":909191,"stat.useItem.minecraft.sign":159,"stat.drop.minecraft.gravel":64,"stat.furnaceInteraction":1,"stat.drop.minecraft.flint_and_steel":1,"stat.drop.minecraft.spruce_door":64,"stat.pickup.minecraft.furnace":1,"stat.sprintOneCm":23613,"stat.useItem.minecraft.fence":5796,"stat.useItem.minecraft.stone_stairs":1,"stat.pickup.minecraft.skull":1,"stat.pickup.minecraft.bone_block":64,"stat.drop.minecraft.furnace":1,"stat.useItem.minecraft.bed":19,"stat.pickup.minecraft.fireworks":1,"stat.pickup.minecraft.grass":194,"stat.useItem.minecraft.structure_block":18,"stat.drop.minecraft.fireworks":1,"stat.useItem.minecraft.dye":146,"stat.drop":53,"stat.pickup.minecraft.egg":4,"stat.playOneMinute":909191,"stat.useItem.minecraft.banner":10,"stat.pickup.minecraft.iron_block":64,"stat.pickup.minecraft.item_frame":1,"stat.drop.minecraft.chest":1,"stat.drop.minecraft.torch":24,"stat.diveOneCm":19701,"stat.pickup.minecraft.wheat":6,"stat.chestOpened":14,"stat.pickup.minecraft.spruce_door":64,"stat.drop.minecraft.stone_stairs":64,"stat.pickup.minecraft.sign":22,"stat.useItem.minecraft.stone":9267,"stat.pickup.minecraft.gravel":64,"stat.drop.minecraft.apple":1,"stat.jump":1524,"stat.pickup.minecraft.fence":1,"stat.drop.minecraft.stone":65,"stat.drop.minecraft.dye":64,"stat.crouchOneCm":24478,"stat.drop.minecraft.bed":2,"stat.drop.minecraft.glass":128,"stat.craftingTableInteraction":1,"stat.useItem.minecraft.glass":180,"stat.useItem.minecraft.sapling":37,"stat.pickup.minecraft.feather":3,"stat.useItem.minecraft.furnace":21,"stat.drop.minecraft.concrete":256,"stat.drop.minecraft.water_bucket":1,"stat.pickup.minecraft.dye":64,"stat.pickup.minecraft.planks":64,"stat.pickup.minecraft.bed":2,"stat.pickup.minecraft.concrete":192,"stat.pickup.minecraft.quartz_block":64,"stat.pickup.minecraft.wheat_seeds":23,"stat.damageDealt":164,"stat.sleepInBed":2,"stat.useItem.minecraft.crafting_table":22,"stat.killEntity.Pig":2,"stat.pickup.minecraft.flint_and_steel":1,"stat.walkOneCm":1351684,"stat.useItem.minecraft.torch":1108,"stat.useItem.minecraft.chest":29,"stat.drop.minecraft.item_frame":1,"stat.pickup.minecraft.crafting_table":128,"stat.useItem.minecraft.tnt":20,"stat.useItem.minecraft.gravel":48,"stat.drop.minecraft.iron_block":64,"stat.drop.minecraft.sign":17,"stat.useItem.minecraft.item_frame":8,"stat.useItem.minecraft.spruce_stairs":41,"stat.pickup.minecraft.stone":65,"stat.drop.minecraft.planks":128,"stat.drop.minecraft.sapling":74,"stat.pickup.minecraft.chicken":3,"stat.pickup.minecraft.sapling":18,"stat.pickup.minecraft.wooden_door":64,"stat.pickup.minecraft.apple":4,"stat.useItem.minecraft.concrete":474,"stat.useItem.minecraft.fireworks":37,"stat.drop.minecraft.crafting_table":128,"stat.useItem.minecraft.iron_block":22,"stat.mobKills":3,"stat.useItem.minecraft.wooden_door":76,"stat.useItem.minecraft.spruce_door":3,"stat.useItem.minecraft.cobblestone_wall":19,"stat.drop.minecraft.spruce_stairs":64,"stat.pickup.minecraft.torch":83,"stat.pickup.minecraft.red_flower":1,"stat.drop.minecraft.bone_block":64,"stat.sneakTime":45075,"stat.drop.minecraft.quartz_block":64,"stat.pickup.minecraft.yellow_flower":4,"stat.drop.minecraft.grass":198,"stat.pickup.minecraft.chest":1}