{"stat.useItem.minecraft.brick_stairs":17,"stat.leaveGame":44,"stat.pickup.minecraft.structure_block":1,"stat.useItem.minecraft.skull":2,"stat.swimOneCm":10749,"stat.useItem.minecraft.planks":773,"stat.climbOneCm":677,"stat.drop.minecraft.cobblestone":1,"stat.drop.minecraft.wooden_door":65,"stat.pickup.minecraft.porkchop":2,"stat.pickup.minecraft.glass":64,"stat.useItem.minecraft.dirt":278,"stat.useItem.minecraft.water_bucket":11,"stat.useItem.minecraft.red_flower":82,"stat.pickup.minecraft.brick_block":1,"stat.drop.minecraft.brick_block":1,"stat.pickup.minecraft.cobblestone_wall":1,"stat.drop.minecraft.fence":2,"stat.drop.minecraft.elytra":1,"stat.aviateOneCm":11403041,"stat.useItem.minecraft.brick_block":733,"stat.flyOneCm":6849630,"stat.timeSinceDeath":991227,"stat.useItem.minecraft.fence_gate":2,"stat.useItem.minecraft.sign":170,"stat.drop.minecraft.gravel":64,"stat.furnaceInteraction":1,"stat.drop.minecraft.flint_and_steel":1,"stat.drop.minecraft.dirt":64,"stat.drop.minecraft.spruce_door":64,"stat.drop.minecraft.red_flower":7,"stat.useItem.minecraft.double_plant":10,"stat.pickup.minecraft.furnace":1,"stat.sprintOneCm":24296,"stat.useItem.minecraft.fence":6180,"stat.useItem.minecraft.stone_stairs":1,"stat.pickup.minecraft.skull":1,"stat.pickup.minecraft.bone_block":64,"stat.drop.minecraft.furnace":1,"stat.useItem.minecraft.bed":19,"stat.pickup.minecraft.fireworks":2,"stat.pickup.minecraft.grass":195,"stat.useItem.minecraft.structure_block":31,"stat.drop.minecraft.fireworks":2,"stat.useItem.minecraft.dye":184,"stat.drop.minecraft.cobblestone_wall":1,"stat.drop":75,"stat.pickup.minecraft.egg":5,"stat.playOneMinute":991227,"stat.useItem.minecraft.banner":10,"stat.pickup.minecraft.iron_block":64,"stat.pickup.minecraft.item_frame":1,"stat.drop.minecraft.chest":1,"stat.drop.minecraft.torch":86,"stat.diveOneCm":21555,"stat.pickup.minecraft.wheat":6,"stat.chestOpened":14,"stat.pickup.minecraft.spruce_door":64,"stat.drop.minecraft.stone_stairs":64,"stat.pickup.minecraft.sign":23,"stat.useItem.minecraft.stone":9444,"stat.pickup.minecraft.gravel":64,"stat.pickup.minecraft.brick_stairs":1,"stat.drop.minecraft.apple":1,"stat.jump":1633,"stat.pickup.minecraft.fence":2,"stat.drop.minecraft.stone":66,"stat.drop.minecraft.dye":128,"stat.crouchOneCm":26193,"stat.pickup.minecraft.dirt":64,"stat.drop.minecraft.bed":2,"stat.drop.minecraft.glass":128,"stat.craftingTableInteraction":1,"stat.drop.minecraft.structure_block":1,"stat.useItem.minecraft.glass":180,"stat.useItem.minecraft.sapling":38,"stat.pickup.minecraft.feather":3,"stat.useItem.minecraft.furnace":21,"stat.drop.minecraft.concrete":256,"stat.drop.minecraft.water_bucket":1,"stat.pickup.minecraft.dye":128,"stat.pickup.minecraft.planks":64,"stat.pickup.minecraft.reeds":2,"stat.pickup.minecraft.bed":2,"stat.pickup.minecraft.concrete":192,"stat.pickup.minecraft.quartz_block":64,"stat.pickup.minecraft.wheat_seeds":27,"stat.damageDealt":174,"stat.sleepInBed":2,"stat.useItem.minecraft.crafting_table":22,"stat.killEntity.Pig":2,"stat.pickup.minecraft.flint_and_steel":1,"stat.walkOneCm":1436040,"stat.useItem.minecraft.torch":1110,"stat.useItem.minecraft.chest":29,"stat.drop.minecraft.item_frame":1,"stat.pickup.minecraft.crafting_table":128,"stat.drop.minecraft.tallgrass":64,"stat.useItem.minecraft.tnt":20,"stat.useItem.minecraft.cobblestone":8,"stat.useItem.minecraft.gravel":48,"stat.drop.minecraft.iron_block":64,"stat.drop.minecraft.sign":18,"stat.useItem.minecraft.item_frame":8,"stat.useItem.minecraft.spruce_stairs":41,"stat.pickup.minecraft.stone":66,"stat.drop.minecraft.planks":128,"stat.drop.minecraft.sapling":138,"stat.pickup.minecraft.chicken":3,"stat.drop.minecraft.brick_stairs":1,"stat.pickup.minecraft.sapling":83,"stat.pickup.minecraft.wooden_door":64,"stat.useItem.minecraft.tallgrass":6,"stat.pickup.minecraft.apple":4,"stat.useItem.minecraft.concrete":474,"stat.useItem.minecraft.fireworks":39,"stat.drop.minecraft.crafting_table":128,"stat.useItem.minecraft.iron_block":22,"stat.mobKills":3,"stat.useItem.minecraft.wooden_door":78,"stat.useItem.minecraft.spruce_door":3,"stat.useItem.minecraft.cobblestone_wall":112,"stat.drop.minecraft.spruce_stairs":64,"stat.pickup.minecraft.torch":145,"stat.pickup.minecraft.red_flower":6,"stat.drop.minecraft.bone_block":64,"stat.sneakTime":47853,"stat.drop.minecraft.quartz_block":64,"stat.pickup.minecraft.yellow_flower":4,"stat.drop.minecraft.grass":199,"stat.pickup.minecraft.chest":1}