{"stat.pickup.minecraft.spruce_door":64,"stat.pickup.minecraft.sign":18,"stat.useItem.minecraft.stone":148,"stat.leaveGame":7,"stat.pickup.minecraft.gravel":64,"stat.swimOneCm":1910,"stat.jump":339,"stat.useItem.minecraft.planks":772,"stat.drop.minecraft.stone":64,"stat.drop.minecraft.dye":64,"stat.drop.minecraft.wooden_door":64,"stat.crouchOneCm":6226,"stat.useItem.minecraft.dirt":105,"stat.drop.minecraft.glass":64,"stat.useItem.minecraft.glass":49,"stat.useItem.minecraft.sapling":37,"stat.drop.minecraft.concrete":256,"stat.aviateOneCm":70028,"stat.pickup.minecraft.dye":64,"stat.pickup.minecraft.planks":64,"stat.flyOneCm":1030352,"stat.pickup.minecraft.concrete":192,"stat.pickup.minecraft.quartz_block":64,"stat.timeSinceDeath":218186,"stat.useItem.minecraft.sign":24,"stat.walkOneCm":525975,"stat.useItem.minecraft.torch":554,"stat.drop.minecraft.gravel":64,"stat.useItem.minecraft.gravel":48,"stat.drop.minecraft.spruce_door":64,"stat.drop.minecraft.sign":16,"stat.useItem.minecraft.spruce_stairs":41,"stat.pickup.minecraft.stone":64,"stat.drop.minecraft.planks":128,"stat.drop.minecraft.sapling":68,"stat.pickup.minecraft.sapling":5,"stat.sprintOneCm":1154,"stat.pickup.minecraft.wooden_door":64,"stat.useItem.minecraft.fence":103,"stat.useItem.minecraft.concrete":474,"stat.pickup.minecraft.bone_block":64,"stat.pickup.minecraft.grass":193,"stat.useItem.minecraft.iron_block":22,"stat.useItem.minecraft.structure_block":16,"stat.useItem.minecraft.dye":146,"stat.useItem.minecraft.wooden_door":45,"stat.useItem.minecraft.spruce_door":3,"stat.drop":27,"stat.playOneMinute":218186,"stat.pickup.minecraft.torch":22,"stat.drop.minecraft.bone_block":64,"stat.sneakTime":10736,"stat.drop.minecraft.quartz_block":64,"stat.drop.minecraft.torch":22,"stat.drop.minecraft.grass":196,"stat.diveOneCm":2587}