{"stat.chestOpened":13,"stat.pickup.minecraft.spruce_door":64,"stat.drop.minecraft.stone_stairs":64,"stat.pickup.minecraft.sign":21,"stat.useItem.minecraft.stone":4683,"stat.leaveGame":25,"stat.pickup.minecraft.gravel":64,"stat.useItem.minecraft.skull":2,"stat.drop.minecraft.apple":1,"stat.swimOneCm":6530,"stat.jump":967,"stat.useItem.minecraft.planks":773,"stat.climbOneCm":677,"stat.drop.minecraft.stone":64,"stat.drop.minecraft.dye":64,"stat.drop.minecraft.wooden_door":64,"stat.crouchOneCm":15968,"stat.useItem.minecraft.dirt":160,"stat.drop.minecraft.bed":1,"stat.drop.minecraft.glass":64,"stat.craftingTableInteraction":1,"stat.useItem.minecraft.glass":49,"stat.useItem.minecraft.sapling":37,"stat.drop.minecraft.concrete":256,"stat.aviateOneCm":4057609,"stat.pickup.minecraft.dye":64,"stat.pickup.minecraft.planks":64,"stat.flyOneCm":3642115,"stat.pickup.minecraft.bed":1,"stat.pickup.minecraft.concrete":192,"stat.pickup.minecraft.quartz_block":64,"stat.pickup.minecraft.wheat_seeds":23,"stat.damageDealt":94,"stat.sleepInBed":2,"stat.timeSinceDeath":582656,"stat.useItem.minecraft.sign":134,"stat.killEntity.Pig":2,"stat.pickup.minecraft.flint_and_steel":1,"stat.walkOneCm":867272,"stat.useItem.minecraft.torch":566,"stat.useItem.minecraft.tnt":20,"stat.drop.minecraft.gravel":64,"stat.furnaceInteraction":1,"stat.drop.minecraft.flint_and_steel":1,"stat.useItem.minecraft.gravel":48,"stat.drop.minecraft.spruce_door":64,"stat.drop.minecraft.iron_block":64,"stat.drop.minecraft.sign":16,"stat.useItem.minecraft.item_frame":8,"stat.useItem.minecraft.spruce_stairs":41,"stat.pickup.minecraft.stone":64,"stat.drop.minecraft.planks":128,"stat.drop.minecraft.sapling":71,"stat.pickup.minecraft.sapling":16,"stat.sprintOneCm":20512,"stat.pickup.minecraft.wooden_door":64,"stat.useItem.minecraft.fence":2823,"stat.pickup.minecraft.apple":3,"stat.useItem.minecraft.concrete":474,"stat.useItem.minecraft.fireworks":13,"stat.useItem.minecraft.stone_stairs":1,"stat.pickup.minecraft.skull":1,"stat.pickup.minecraft.bone_block":64,"stat.useItem.minecraft.bed":4,"stat.pickup.minecraft.fireworks":1,"stat.pickup.minecraft.grass":193,"stat.useItem.minecraft.iron_block":22,"stat.useItem.minecraft.structure_block":18,"stat.drop.minecraft.fireworks":1,"stat.mobKills":3,"stat.useItem.minecraft.dye":146,"stat.useItem.minecraft.wooden_door":45,"stat.useItem.minecraft.spruce_door":3,"stat.drop":37,"stat.drop.minecraft.spruce_stairs":64,"stat.playOneMinute":582656,"stat.pickup.minecraft.torch":22,"stat.useItem.minecraft.banner":10,"stat.pickup.minecraft.red_flower":1,"stat.drop.minecraft.bone_block":64,"stat.sneakTime":30301,"stat.drop.minecraft.quartz_block":64,"stat.pickup.minecraft.iron_block":64,"stat.drop.minecraft.torch":23,"stat.pickup.minecraft.yellow_flower":2,"stat.drop.minecraft.grass":197,"stat.diveOneCm":16663,"stat.pickup.minecraft.wheat":6}