<?xml version="1.0" encoding="UTF-8" standalone="yes"?>
<addon id="service.system.vnc" name="Raspberry Pi VNC For All Media Centers" version="0.0.1" provider-name="Sean Olson">
    <requires>
        <import addon="xbmc.python" version="2.25.0"/>
    </requires>
    <extension point="xbmc.service" library="main.py" start="startup"/>
    <extension point="xbmc.addon.metadata">
        <summary>Raspberry Pi VNC server for all media centers</summary>
        <description>dispmanx VNC server for all media centers running on a Raspberry Pi</description>
        <language>English</language>
        <platform>all</platform>
        <license>nolicense</license>
        <website>seandev.org</website>
        <email>seandolson654@gmail.com</email>
        <assets>
            <icon>resources/icon.png</icon>
        </assets>
    </extension>
</addon>
