<?xml version="1.0" encoding="UTF-8" standalone="yes"?>
<addon id="repository.kodi.sean" name="Sean's Kodi Repo" version="0.0.1" provider-name="Sean Olson">
        <extension point="xbmc.addon.repository" name="Sean's Kodi Repo">
                <info compressed="false">https://raw.githubusercontent.com/sean6541/kodiaddons/master/addons.xml</info>
                <checksum>https://raw.githubusercontent.com/sean6541/kodiaddons/master/addons.xml.md5</checksum>
                <datadir zip="true">https://raw.githubusercontent.com/sean6541/kodiaddons/master/</datadir>
        </extension>
        <extension point="xbmc.addon.metadata">
                <summary>Kodi addons made by Sean</summary>
                <description>Kodi addons made by Sean</description>
                <platform>all</platform>
        </extension>
</addon>
