{
  "0-100 km/h":2.1,
  "0-60 mph":2,
  "100-0 km/h":25.2,
  "60-0 mph":77.2,
  "BoundingBox":[
    [
      -0.55,
      -1.47,
      -0.3549
    ],
    [
      1.65,
      3.625,
      1.482
    ]
  ],
  "Braking G":1.557,
  "Config Type":"Custom",
  "Configuration":"Krazy heavy",
  "Description":"Hood and doors will not close!",
  "Drivetrain":"4WD",
  "Fuel Type":"Gasoline",
  "Induction Type":"NA",
  "Off-Road Score":59,
  "Power":2781077,
  "PowerPeakRPM":"195950 - 200000",
  "Propulsion":"ICE",
  "Top Speed":277.5,
  "Torque":107050,
  "TorquePeakRPM":"27600 - 111450",
  "Transmission":"Automatic",
  "Weight":255815,
  "Weight/Power":0.09198414858704,
  "defaultMultiPaintSetup":"Charcoal"
}