{
  "0-100 km/h":1.9,
  "0-60 mph":1.8,
  "100-0 km/h":24.2,
  "60-0 mph":73.9,
  "BoundingBox":[
    [
      -0.5075,
      -1.47,
      -0.3549
    ],
    [
      1.6075,
      3.625,
      1.482
    ]
  ],
  "Braking G":1.623,
  "Config Type":"Custom",
  "Configuration":"Krazy heavy doorless",
  "Description":"No hood or doors to swing around.",
  "Drivetrain":"4WD",
  "Fuel Type":"Gasoline",
  "Induction Type":"NA",
  "Off-Road Score":59,
  "Power":2781077,
  "PowerPeakRPM":"195950 - 200000",
  "Propulsion":"ICE",
  "Top Speed":277.5,
  "Torque":107050,
  "TorquePeakRPM":"27600 - 111450",
  "Transmission":"Automatic",
  "Weight":232760,
  "Weight/Power":0.083694194731034,
  "defaultMultiPaintSetup":"Charcoal"
}